algorithm,runs,recall,secondary_recall,penalized_delay_s,first_detection_s,minimum_separation_m,safety_pass,bounds_violations
SFO.OriginalSFO,5,1.0,1.0,86.2,40.0,52.792766282619205,True,0
FFA.OriginalFFA,5,1.0,1.0,90.5,64.8,51.93669710375416,True,0
WHO.OriginalWHO,5,1.0,1.0,95.2,57.2,55.49065336775433,True,0
DO.OriginalDO,5,1.0,1.0,99.2,62.8,50.12307664325116,True,0
SSA.OriginalSSA,5,1.0,1.0,104.7,67.6,52.103670652785055,True,0
HCO.OriginalHCO,5,1.0,1.0,105.1,91.6,49.396990788336005,True,0
TOA.OriginalTOA,5,1.0,1.0,106.5,56.4,55.42534666346306,True,0
HHO.OriginalHHO,5,1.0,1.0,108.6,65.2,52.0231088573612,True,0
CEM.OriginalCEM,5,1.0,1.0,111.0,83.6,54.487321634141495,True,0
BA.OriginalBA,5,1.0,1.0,112.7,89.6,51.46170991625355,True,0
ARO.OriginalARO,5,1.0,1.0,114.2,128.4,50.47092414377254,True,0
EVO.OriginalEVO,5,1.0,1.0,119.6,73.6,50.624280674501925,True,0
BRO.OriginalBRO,5,1.0,1.0,122.6,58.4,47.239148286632314,True,0
CA.OriginalCA,5,1.0,1.0,127.6,72.8,54.046145802376856,True,0
AO.OriginalAO,5,1.0,1.0,128.7,99.6,48.187911284020764,True,0
CDO.OriginalCDO,5,1.0,1.0,130.2,41.6,53.93853641874132,True,0
SBO.OriginalSBO,5,1.0,1.0,132.7,84.8,53.59494601796964,True,0
EFO.OriginalEFO,5,1.0,1.0,133.1,91.6,51.336782795490905,True,0
ZOA.OriginalZOA,5,1.0,1.0,136.5,76.4,57.575852734285185,True,0
BBO.OriginalBBO,5,1.0,1.0,136.7,119.2,55.924487113817456,True,0
ArchOA.OriginalArchOA,5,1.0,1.0,140.4,100.4,48.0532313121082,True,0
CHIO.OriginalCHIO,5,1.0,1.0,141.0,95.6,55.22083574130187,True,0
LCO.OriginalLCO,5,1.0,1.0,144.9,84.8,47.38814044078136,True,0
FBIO.OriginalFBIO,5,1.0,1.0,146.5,70.0,57.07254930898497,True,0
AVOA.OriginalAVOA,5,1.0,1.0,150.1,152.8,55.876440064809756,True,0
ACOR.OriginalACOR,5,1.0,1.0,158.4,109.6,48.37024116118013,True,0
ESOA.OriginalESOA,5,1.0,1.0,171.9,99.6,49.719308740775325,True,0
SARO.OriginalSARO,5,1.0,1.0,178.9,110.0,52.490263710850854,True,0
WaOA.OriginalWaOA,5,1.0,1.0,180.5,146.0,49.4182616055788,True,0
SLO.OriginalSLO,5,0.95,0.9,97.4,50.8,52.472688746518976,True,0
EHO.OriginalEHO,5,0.95,0.9,97.9,76.8,49.48797384477511,True,0
SSpiderO.OriginalSSpiderO,5,0.95,0.9,99.3,60.4,50.79159250433781,True,0
ES.CMA_ES,5,0.95,0.9,101.9,39.2,53.455675024482595,True,0
BSA.OriginalBSA,5,0.95,0.9,102.4,51.6,54.31342542871037,True,0
BeesA.OriginalBeesA,5,0.95,0.9,105.2,84.8,52.89837952370687,True,0
HGS.OriginalHGS,5,0.95,0.9,106.8,78.0,47.15917968106304,True,0
BFO.OriginalBFO,5,0.95,0.9,107.5,84.8,50.37009133762897,True,0
FA.OriginalFA,5,0.95,0.9,107.5,84.8,50.37009133762897,True,0
GA.OriginalGA,5,0.95,0.9,107.5,84.8,50.37009133762897,True,0
ABC.OriginalABC,5,0.95,0.9,111.7,42.0,54.931637845128066,True,0
EP.OriginalEP,5,0.95,0.9,117.6,92.4,53.04840073028082,True,0
WDO.OriginalWDO,5,0.95,0.9,117.8,84.8,52.1193625338335,True,0
SSpiderA.OriginalSSpiderA,5,0.95,0.9,118.2,56.8,46.62713476034909,True,0
ES.OriginalES,5,0.95,0.9,119.2,90.0,56.95543554301321,True,0
CSO.OriginalCSO,5,0.95,0.9,120.4,80.8,52.01522044868619,True,0
ASO.OriginalASO,5,0.95,0.9,122.7,57.6,51.155053720487565,True,0
HBO.OriginalHBO,5,0.95,0.9,124.2,57.2,54.487321634141495,True,0
MSA.OriginalMSA,5,0.95,0.9,126.1,52.8,57.79656612699337,True,0
EOA.OriginalEOA,5,0.95,0.9,131.2,92.8,54.487321634141495,True,0
TDO.OriginalTDO,5,0.95,0.9,131.4,90.8,51.40183177676328,True,0
CSA.OriginalCSA,5,0.95,0.9,131.5,95.2,54.487321634141495,True,0
SCA.OriginalSCA,5,0.95,0.9,134.0,58.8,53.34987185796061,True,0
FPA.OriginalFPA,5,0.95,0.9,135.1,61.6,52.44496271994872,True,0
SquirrelSA.OriginalSquirrelSA,5,0.95,0.9,136.2,44.8,48.21656712824054,True,0
SHIO.OriginalSHIO,5,0.95,0.9,137.6,75.2,53.22454683006837,True,0
SPBO.OriginalSPBO,5,0.95,0.9,137.9,64.8,49.77613245140515,True,0
ServalOA.OriginalServalOA,5,0.95,0.9,138.4,86.0,48.31722541964621,True,0
SOA.OriginalSOA,5,0.95,0.9,141.7,97.2,52.161861787686306,True,0
CoatiOA.OriginalCoatiOA,5,0.95,1.0,141.9,62.4,53.96746885086056,True,0
IWO.OriginalIWO,5,0.95,0.9,142.9,124.0,51.869936131914166,True,0
RUN.OriginalRUN,5,0.95,0.9,144.7,100.0,51.37440063892854,True,0
AOA.OriginalAOA,5,0.95,0.9,145.6,120.4,45.336967242445134,True,0
CDDO.OriginalCDDO,5,0.95,1.0,148.2,88.0,58.37133916015395,True,0
NRO.OriginalNRO,5,0.95,1.0,148.4,102.0,54.650119375049236,True,0
AGTO.OriginalAGTO,5,0.95,1.0,150.2,132.0,52.859025341582004,True,0
SOS.OriginalSOS,5,0.95,0.9,150.6,80.0,52.34185010075315,True,0
HGSO.OriginalHGSO,5,0.95,0.9,150.9,69.2,50.57994227059559,True,0
OOA.OriginalOOA,5,0.95,0.9,151.6,98.0,55.92548037184756,True,0
BBOA.OriginalBBOA,5,0.95,0.9,152.1,85.2,53.95727279500243,True,0
HS.OriginalHS,5,0.95,0.9,156.9,88.8,53.44894726487685,True,0
CGO.OriginalCGO,5,0.95,0.9,160.7,126.4,51.310890790823706,True,0
COA.OriginalCOA,5,0.95,0.9,164.4,101.2,54.487321634141495,True,0
STO.OriginalSTO,5,0.95,0.9,166.9,123.6,50.251864420519475,True,0
MFO.OriginalMFO,5,0.95,1.0,179.2,100.0,52.31100287043434,True,0
SeaHO.OriginalSeaHO,5,0.95,1.0,184.8,181.2,57.07822127068951,True,0
MVO.OriginalMVO,5,0.95,0.9,187.3,97.2,53.66598302676259,True,0
TWO.OriginalTWO,5,0.95,0.9,192.0,123.6,47.739360851812734,True,0
POA.OriginalPOA,5,0.95,1.0,200.9,218.4,57.74834409060287,True,0
SSDO.OriginalSSDO,5,0.9,0.8,110.3,39.6,48.25101529087786,True,0
TS.OriginalTS,5,0.9,0.8,110.3,84.8,53.454713608860665,True,0
CircleSA.OriginalCircleSA,5,0.9,0.8,111.1,66.8,52.152304776792576,True,0
EO.OriginalEO,5,0.9,0.8,112.8,69.2,49.381865090633795,True,0
MRFO.OriginalMRFO,5,0.9,0.8,114.7,53.6,50.76476873750012,True,0
FFO.OriginalFFO,5,0.9,0.8,115.8,35.6,51.273205687203465,True,0
BES.OriginalBES,5,0.9,0.8,119.1,69.2,51.06135876874068,True,0
ESO.OriginalESO,5,0.9,0.9,121.5,75.6,51.933614532276046,True,0
BSO.OriginalBSO,5,0.9,0.8,127.0,90.4,51.64303199612795,True,0
MA.OriginalMA,5,0.9,0.8,133.7,90.8,54.487321634141495,True,0
GWO.OriginalGWO,5,0.9,0.8,134.0,45.6,49.16168199308748,True,0
TSA.OriginalTSA,5,0.9,0.8,136.3,96.0,55.3678409584549,True,0
INFO.OriginalINFO,5,0.9,0.8,139.5,73.6,54.29257250849267,True,0
FOX.OriginalFOX,5,0.9,0.8,140.9,84.8,52.78503579430548,True,0
SHADE.OriginalSHADE,5,0.9,0.8,145.6,79.6,51.990152028408474,True,0
PFA.OriginalPFA,5,0.9,0.8,147.3,102.0,52.504800338673235,True,0
GBO.OriginalGBO,5,0.9,0.8,147.4,100.4,57.707908282445686,True,0
GOA.OriginalGOA,5,0.9,0.8,152.6,80.8,56.58732106599846,True,0
QSA.OriginalQSA,5,0.9,0.8,153.8,51.2,52.722408258994314,True,0
HBA.OriginalHBA,5,0.9,0.8,158.9,79.6,46.507711590354134,True,0
SRSR.OriginalSRSR,5,0.9,0.8,161.6,90.4,56.74851981140821,True,0
NMRA.OriginalNMRA,5,0.9,0.9,164.0,97.2,53.624211074387674,True,0
SCSO.OriginalSCSO,5,0.9,0.8,167.5,90.8,51.92204406697946,True,0
AEO.OriginalAEO,5,0.9,0.9,171.3,92.4,54.570735011839645,True,0
HC.OriginalHC,5,0.9,0.8,174.8,128.4,48.37715022725729,True,0
TLO.OriginalTLO,5,0.9,0.9,176.2,90.8,55.416094813805216,True,0
PSS.OriginalPSS,5,0.9,0.8,178.7,137.2,53.70432763090082,True,0
BMO.OriginalBMO,5,0.9,0.9,183.2,110.8,52.69328106258605,True,0
MGO.OriginalMGO,5,0.9,0.9,192.2,75.6,53.402422181317675,True,0
FLA.OriginalFLA,5,0.9,0.8,194.5,100.8,56.7614299228871,True,0
VCS.OriginalVCS,5,0.9,0.9,209.2,139.2,56.67105859286154,True,0
DMOA.OriginalDMOA,5,0.85,0.8,133.5,88.4,56.18631958842314,True,0
WCA.OriginalWCA,5,0.85,0.7,136.9,96.8,49.68647321524722,True,0
NGO.OriginalNGO,5,0.85,0.7,138.7,95.6,48.28672658525,True,0
AFT.OriginalAFT,5,0.85,0.8,141.5,62.4,48.28124936952461,True,0
Hub-Constrained-PSO,5,0.85,0.7,155.9,77.2,73.90978826892905,True,0
FOA.OriginalFOA,5,0.85,0.8,157.3,59.6,51.57638959442399,True,0
GSKA.OriginalGSKA,5,0.85,0.8,158.3,64.8,54.896708167488995,True,0
WarSO.OriginalWarSO,5,0.85,0.7,158.6,82.8,51.587155984137425,True,0
GTO.OriginalGTO,5,0.85,0.8,162.9,72.8,53.45973466528917,True,0
TSO.OriginalTSO,5,0.85,0.7,169.6,91.6,53.762430871386364,True,0
WOA.OriginalWOA,5,0.85,0.7,171.5,97.6,54.963489724716176,True,0
PSO.OriginalPSO,5,0.85,0.7,173.3,113.2,48.94498526875958,True,0
DE.OriginalDE,5,0.85,0.7,173.8,103.2,53.886039292867466,True,0
ICA.OriginalICA,5,0.85,0.8,177.4,75.2,50.30105960202791,True,0
FDO.OriginalFDO,5,0.85,0.8,185.5,102.8,52.282965111538005,True,0
RIME.OriginalRIME,5,0.85,0.7,196.4,94.8,46.82071893351498,True,0
GJO.OriginalGJO,5,0.85,0.7,201.6,58.4,53.34108449796139,True,0
JA.OriginalJA,5,0.85,0.7,203.0,169.6,54.52712543432828,True,0
MPA.OriginalMPA,5,0.85,0.7,204.8,191.6,49.761290784401076,True,0
CRO.OriginalCRO,5,0.8,0.6,165.0,72.0,54.31854630579708,True,0
GCO.OriginalGCO,5,0.8,0.7,190.6,66.8,51.745055407001296,True,0
SHO.OriginalSHO,5,0.8,0.6,193.4,110.4,46.218979624484504,True,0
SSO.OriginalSSO,5,0.8,0.6,203.5,147.6,46.90150379875674,True,0
SMA.OriginalSMA,5,0.8,0.8,206.2,129.2,59.49610895542561,True,0
SA.OriginalSA,5,0.75,0.6,173.3,103.6,53.891514232830986,True,0
ALO.OriginalALO,5,0.75,0.6,207.4,130.4,48.2219708705367,True,0
Random-waypoints,5,0.65,0.6,271.1,234.8,46.112688617952394,True,0
